service,total_tests,success_rate,avg_response_time_ms,median_response_time_ms
analyze,35,88.57142857142857,5779.929628571429,3433.48
chat,48,54.166666666666664,6738.365875,3328.0919999999996
hint,36,94.44444444444444,15.719222222222221,7.5009999999999994
recommend,33,96.96969696969697,1385.9419393939395,7.131
